FILENAME,MARKER,POPULATION ,ASSAY_TMP_C,MASS_g,VO2_uL_hr_1,VO2_uL_hr_2,VO2_uL_hr_3
5-16-2018_15C_3rd_MORN_RepRec_0001_m.exp,A,MA2,15,0.0629,45.877,34.1225,25.6025
5-16-2018_15C_3rd_MORN_RepRec_0001_m.exp,B,MA2,15,0.0541,43.1698,29.3139,23.8628
5-16-2018_15C_3rd_MORN_RepRec_0001_m.exp,C,MA2,15,0.0538,45.9419,27.7175,22.9164
5-16-2018_15C_3rd_MORN_RepRec_0001_m.exp,D,MA2,15,0.0541,44.6075,26.0651,18.7227
5-16-2018_15C_3rd_MORN_RepRec_0001_m.exp,E,MA1,15,0.0601,44.3409,27.442,15.5126
5-16-2018_15C_3rd_MORN_RepRec_0001_m.exp,F,MA1,15,0.0324,37.8609,20.9751,9.5162
5-16-2018_15C_3rd_MORN_RepRec_0001_m.exp,G,MA1,15,0.0318,35.8955,26.1671,10.6282
5-16-2018_15C_3rd_MORN_RepRec_0001_m.exp,H,MA1,15,0.0327,49.7359,32.5166,11.4196
5-16-2018_15C_3rd_MORN_RepRec_0001_m.exp,I,MA1,15,0.0436,36.7326,25.0333,9.3732
5-16-2018_15C_3rd_MORN_RepRec_0001_m.exp,J,MA1,15,0.0433,35.3661,25.7603,11.2209
5-16-2018_15C_3rd_MORN_RepRec_0001_m.exp,K,MA1,15,0.0355,30.491,24.0919,10.8078
5-16-2018_15C_3rd_MORN_RepRec_0001_m.exp,L,MA1,15,0.0535,36.1693,28.9084,16.9058
5-16-2018_15C_3rd_MORN_RepRec_0001_m.exp,M,MA1,15,0.0422,31.3881,23.9164,11.165
5-17-2018_15C_3rd_MORN_RepRec_0001_m.exp,A,MA2,15,0.0475,11.6886,28.1852,13.8717
5-17-2018_15C_3rd_MORN_RepRec_0001_m.exp,B,MA2,15,0.0595,21.6214,33.2281,13.3321
5-17-2018_15C_3rd_MORN_RepRec_0001_m.exp,C,MA2,15,0.0502,21.1253,,36.6625
5-17-2018_15C_3rd_MORN_RepRec_0001_m.exp,D,MA2,15,0.047,21.8033,25.9707,9.9184
5-17-2018_15C_3rd_MORN_RepRec_0001_m.exp,E,MA2,15,0.031,23.4036,18.9011,10.7833
5-17-2018_15C_3rd_MORN_RepRec_0001_m.exp,F,MA2,15,0.0621,38.3827,33.4891,12.083
5-17-2018_15C_3rd_MORN_RepRec_0001_m.exp,G,MA1,15,0.0494,34.0436,26.8078,
5-17-2018_15C_3rd_MORN_RepRec_0001_m.exp,H,MA1,15,0.0521,48.2998,27.0178,8.9351
5-17-2018_15C_3rd_MORN_RepRec_0001_m.exp,I,MA1,15,0.0508,20.0375,21.7963,6.8
5-17-2018_25C_3rd_AFTER_RepRec_0001_m.exp,A,MA1,25,0.0542,37.5825,38.3254,32.2038
5-17-2018_25C_3rd_AFTER_RepRec_0001_m.exp,B,MA1,25,0.0598,40.5197,49.8478,41.3829
5-17-2018_25C_3rd_AFTER_RepRec_0001_m.exp,C,MA1,25,0.0387,29.9681,33.9651,24.8618
5-17-2018_25C_3rd_AFTER_RepRec_0001_m.exp,D,MA1,25,0.056,48.9367,43.5364,30.423
5-17-2018_25C_3rd_AFTER_RepRec_0001_m.exp,E,MA1,25,0.0421,45.3606,53.4756,35.243
5-17-2018_25C_3rd_AFTER_RepRec_0001_m.exp,F,MA1,25,0.0395,42.1227,35.1386,22.7787
5-17-2018_25C_3rd_AFTER_RepRec_0001_m.exp,G,MA1,25,0.0293,34.372,29.8016,18.0582
5-17-2018_25C_3rd_AFTER_RepRec_0001_m.exp,H,MA2,25,0.0586,58.6909,63.8781,39.1078
5-17-2018_25C_3rd_AFTER_RepRec_0001_m.exp,I,MA2,25,0.0542,43.6363,34.7167,24.1733
5-17-2018_25C_3rd_AFTER_RepRec_0001_m.exp,J,MA2,25,0.0464,40.9361,29.0007,21.6596
5-17-2018_25C_3rd_AFTER_RepRec_0001_m.exp,L,MA2,25,0.0556,54.2164,37.5508,28.5088
5-17-2018_25C_3rd_AFTER_RepRec_0001_m.exp,M,MA2,25,0.0554,33.1287,30.1706,21.5215
5-18-2018_30C_3rd_MORN_RepRec_0001_m.exp,A,MA2,30,0.0658,78.778,68.9917,66.3625
5-18-2018_30C_3rd_MORN_RepRec_0001_m.exp,B,MA2,30,0.0504,65.7576,64.2024,42.0472
5-18-2018_30C_3rd_MORN_RepRec_0001_m.exp,C,MA2,30,0.0442,67.4171,58.3169,57.114
5-18-2018_30C_3rd_MORN_RepRec_0001_m.exp,D,MA2,30,0.0538,82.0057,65.7743,48.4189
5-18-2018_30C_3rd_MORN_RepRec_0001_m.exp,E,MA2,30,0.056,80.7258,75.4044,49.1932
5-18-2018_30C_3rd_MORN_RepRec_0001_m.exp,G,MA1,30,0.0735,110.4631,83.6212,56.7514
5-18-2018_30C_3rd_MORN_RepRec_0001_m.exp,H,MA1,30,0.0428,84.6123,69.3443,40.7497
5-18-2018_30C_3rd_MORN_RepRec_0001_m.exp,I,MA1,30,0.0312,52.6444,37.1368,29.9498
5-18-2018_30C_3rd_MORN_RepRec_0001_m.exp,J,MA1,30,0.054,114.3212,74.7147,63.2998
5-18-2018_30C_3rd_MORN_RepRec_0001_m.exp,K,MA1,30,0.0483,54.0675,39.7444,35.781
5-18-2018_30C_3rd_MORN_RepRec_0001_m.exp,L,MA1,30,0.0402,48.4047,26.5791,24.7725
5-18-2018_30C_3rd_MORN_RepRec_0001_m.exp,M,MA1,30,0.0302,44.4399,27.0587,25.8407
5-18-2018_30C_3rd_MORN_RepRec_0001_m.exp,N,MA1,30,0.0486,62.4152,44.7883,39.5251
5-19-2018_30C_3rd_MORN_RepRec_0001_m.exp,A,NY,30,0.0393,55.1559,60.4723,45.4975
5-19-2018_30C_3rd_MORN_RepRec_0001_m.exp,B,NY,30,0.0367,58.9832,56.3275,37.6568
5-19-2018_30C_3rd_MORN_RepRec_0001_m.exp,C,NY,30,0.0345,63.0589,58.8493,37.2498
5-19-2018_30C_3rd_MORN_RepRec_0001_m.exp,D,NY,30,0.0395,66.8986,48.7286,37.7056
5-19-2018_30C_3rd_MORN_RepRec_0001_m.exp,E,NY,30,0.0352,48.6685,32.64,32.6272
5-19-2018_30C_3rd_MORN_RepRec_0001_m.exp,F,NY,30,0.0405,63.8064,58.991,48.9698
5-19-2018_30C_3rd_MORN_RepRec_0001_m.exp,G,NY,30,0.0313,63.7378,44.1546,36.7448
5-19-2018_30C_3rd_MORN_RepRec_0001_m.exp,H,NY,30,0.0457,108.2767,72.0696,59.5043
5-19-2018_30C_3rd_MORN_RepRec_0001_m.exp,I,NY,30,0.0456,66.5526,38.6815,33.767
5-19-2018_30C_3rd_MORN_RepRec_0001_m.exp,J,NY,30,0.042,85.7759,51.501,46.7486
5-19-2018_30C_3rd_MORN_RepRec_0001_m.exp,K,MA1,30,0.0477,80.0724,50.979,39.9604
5-19-2018_30C_3rd_MORN_RepRec_0001_m.exp,L,MA1,30,0.0384,60.8942,39.3136,23.8621
5-19-2018_30C_3rd_MORN_RepRec_0001_m.exp,M,MA2,30,0.0397,39.3854,27.1629,19.5297
5-19-2018_30C_3rd_MORN_RepRec_0001_m.exp,N,MA2,30,0.0505,54.5406,45.8976,24.1033
5-19-2018_30C_3rd_MORN_RepRec_0001_m.exp,O,MA2,30,0.0761,67.677,49.6373,51.0015
5-20-2018_25C_3rd_MORN_RepRec_0001_m.exp,A,MA1,25,0.0323,31.3835,33.2712,22.2723
5-20-2018_25C_3rd_MORN_RepRec_0001_m.exp,B,MA1,25,0.0474,41.8452,46.7769,38.0239
5-20-2018_25C_3rd_MORN_RepRec_0001_m.exp,C,MA1,25,0.0476,37.8575,38.0497,30.1905
5-20-2018_25C_3rd_MORN_RepRec_0001_m.exp,D,MA2,25,0.0476,42.4881,35.7031,27.2965
5-20-2018_25C_3rd_MORN_RepRec_0001_m.exp,F,NY,25,0.0386,36.7364,30.6708,24.2011
5-20-2018_25C_3rd_MORN_RepRec_0001_m.exp,G,NY,25,0.0462,49.7122,49.7581,36.4235
5-20-2018_25C_3rd_MORN_RepRec_0001_m.exp,H,NY,25,0.0493,62.8924,52.9247,42.1207
5-20-2018_25C_3rd_MORN_RepRec_0001_m.exp,I,NY,25,0.0516,41.7794,34.9877,28.7346
5-20-2018_25C_3rd_MORN_RepRec_0001_m.exp,J,NY,25,0.044,55.895,53.4517,50.2567
5-20-2018_25C_3rd_MORN_RepRec_0001_m.exp,K,NY,25,0.0565,46.1468,38.8941,38.9742
5-20-2018_25C_3rd_MORN_RepRec_0001_m.exp,L,NY,25,0.0449,46.9943,34.1774,28.9254
5-20-2018_25C_3rd_MORN_RepRec_0001_m.exp,M,NY,25,0.07,64.2869,47.0906,35.0207
5-20-2018_25C_3rd_MORN_RepRec_0001_m.exp,N,NY,25,0.0441,42.8542,38.0181,32.2995
5-20-2018_25C_3rd_MORN_RepRec_0001_m.exp,O,NY,25,0.0527,57.7646,41.1255,44.7034
5-21-2018_15C_3rd_MORN_RepRec_0001_m.exp,A,NY,15,0.0528,21.7654,13.136,12.0851
5-21-2018_15C_3rd_MORN_RepRec_0001_m.exp,B,NY,15,0.0546,20.3176,12.3805,8.4692
5-21-2018_15C_3rd_MORN_RepRec_0001_m.exp,C,NY,15,0.0524,19.5097,13.3936,11.3324
5-21-2018_15C_3rd_MORN_RepRec_0001_m.exp,D,NY,15,0.07,21.3904,,27.9989
5-21-2018_15C_3rd_MORN_RepRec_0001_m.exp,E,NY,15,0.0834,23.4004,15.0416,15.1896
5-21-2018_15C_3rd_MORN_RepRec_0001_m.exp,F,NY,15,0.07,16.8159,11.266,8.169
5-21-2018_15C_3rd_MORN_RepRec_0001_m.exp,G,NY,15,0.0573,13.6168,9.8445,10.6553
5-21-2018_15C_3rd_MORN_RepRec_0001_m.exp,H,NY,15,0.0634,22.1478,13.0575,13.6023
5-21-2018_15C_3rd_MORN_RepRec_0001_m.exp,I,NY,15,0.0468,15.8334,8.3537,6.1183
5-21-2018_15C_3rd_MORN_RepRec_0001_m.exp,J,NY,15,0.0688,21.6575,13.3502,10.6249
5-21-2018_15C_3rd_MORN_RepRec_0001_m.exp,K,NC1,15,0.0639,23.6848,15.926,14.6994
5-21-2018_15C_3rd_MORN_RepRec_0001_m.exp,L,NC1,15,0.0571,19.4489,16.0151,14.0943
5-21-2018_15C_3rd_MORN_RepRec_0001_m.exp,M,NC2,15,0.0618,13.6822,6.389,7.1262
5-21-2018_15C_3rd_MORN_RepRec_0001_m.exp,N,NC2,15,0.0405,106.6776,9.6755,8.5151
5-21-2018_15C_3rd_MORN_RepRec_0001_m.exp,O,NC2,15,0.05,17.3146,9.7424,12.1597
5-23-2018_15C_3rd_MORN_RepRec_0001_m.exp,A,NC1,15,0.0494,13.8879,26.5112,19.3679
5-23-2018_15C_3rd_MORN_RepRec_0001_m.exp,B,NC1,15,0.0401,14.7229,23.5205,14.7103
5-23-2018_15C_3rd_MORN_RepRec_0001_m.exp,C,NC1,15,0.0306,18.4327,20.1286,13.1039
5-23-2018_15C_3rd_MORN_RepRec_0001_m.exp,D,NC1,15,0.0617,27.2919,25.0996,15.6808
5-23-2018_15C_3rd_MORN_RepRec_0001_m.exp,E,NC1,15,0.0441,28.1879,21.9473,15.3965
5-23-2018_15C_3rd_MORN_RepRec_0001_m.exp,F,NC1,15,0.0445,25.7676,23.2382,
5-23-2018_15C_3rd_MORN_RepRec_0001_m.exp,G,NC1,15,0.064,29.8624,25.9099,18.6596
5-23-2018_15C_3rd_MORN_RepRec_0001_m.exp,H,NC1,15,0.0497,38.6259,29.2407,21.4815
5-23-2018_15C_3rd_MORN_RepRec_0001_m.exp,I,NC2,15,0.1107,49.2524,41.4667,33.9065
5-23-2018_15C_3rd_MORN_RepRec_0001_m.exp,J,NC2,15,0.0672,31.3508,25.086,17.9658
5-23-2018_15C_3rd_MORN_RepRec_0001_m.exp,K,NC2,15,0.0425,29.5978,21.6117,17.6946
5-23-2018_15C_3rd_MORN_RepRec_0001_m.exp,L,NC2,15,0.0371,24.0083,17.9346,14.2962
5-23-2018_15C_3rd_MORN_RepRec_0001_m.exp,M,NC2,15,0.0365,14.1584,10.3356,6.2056
5-23-2018_15C_3rd_MORN_RepRec_0001_m.exp,N,NC2,15,0.0432,26.8076,19.4769,13.7242
5-23-2018_25C_3rd_AFTER_RepRec_0001_m.exp,A,NC2,25,0.0794,67.4087,43.0533,38.8127
5-23-2018_25C_3rd_AFTER_RepRec_0001_m.exp,B,NC2,25,0.0333,40.4251,30.5065,28.1629
5-23-2018_25C_3rd_AFTER_RepRec_0001_m.exp,C,NC2,25,0.0833,67.416,54.9724,54.9922
5-23-2018_25C_3rd_AFTER_RepRec_0001_m.exp,D,NC2,25,0.0418,34.2405,30.6706,23.0386
5-23-2018_25C_3rd_AFTER_RepRec_0001_m.exp,F,NC2,25,0.0489,47.8765,35.211,26.0709
5-23-2018_25C_3rd_AFTER_RepRec_0001_m.exp,H,NC1,25,0.031,44.3628,34.414,31.0118
5-23-2018_25C_3rd_AFTER_RepRec_0001_m.exp,I,NC1,25,0.0758,62.3736,47.3139,46.7393
5-23-2018_25C_3rd_AFTER_RepRec_0001_m.exp,J,NC1,25,0.1039,71.3855,57.8244,53.7789
5-23-2018_25C_3rd_AFTER_RepRec_0001_m.exp,K,NC1,25,0.0408,40.7449,30.7598,27.4719
5-23-2018_25C_3rd_AFTER_RepRec_0001_m.exp,L,NC1,25,0.053,46.0422,34.4982,23.3349
5-23-2018_25C_3rd_AFTER_RepRec_0001_m.exp,M,NC1,25,0.057,36.4568,25.9318,23.9791
5-23-2018_25C_3rd_AFTER_RepRec_0001_m.exp,N,NC1,25,0.0599,44.5533,40.4446,35.1227
5-23-2018_25C_3rd_AFTER_RepRec_0001_m.exp,O,NC1,25,0.0745,146.1999,59.2479,52.6193
5-24-2018_30C_3rd_MORN_RepRec_0001_m.exp,A,NC1,30,0.0446,45.5614,53.3058,33.5953
5-24-2018_30C_3rd_MORN_RepRec_0001_m.exp,B,NC1,30,0.0186,34.071,19.5881,19.5168
5-24-2018_30C_3rd_MORN_RepRec_0001_m.exp,C,NC1,30,0.0508,84.0118,69.5177,58.3201
5-24-2018_30C_3rd_MORN_RepRec_0001_m.exp,D,NC1,30,0.0341,47.9731,49.0081,36.652
5-24-2018_30C_3rd_MORN_RepRec_0001_m.exp,E,NC1,30,0.0493,83.1441,67.626,58.6162
5-24-2018_30C_3rd_MORN_RepRec_0001_m.exp,F,NC1,30,0.0342,52.7003,40.3401,37.1243
5-24-2018_30C_3rd_MORN_RepRec_0001_m.exp,G,NC1,30,0.0439,58.5672,40.5499,34.0897
5-24-2018_30C_3rd_MORN_RepRec_0001_m.exp,H,NC2,30,0.0523,76.8606,66.2855,53.1401
5-24-2018_30C_3rd_MORN_RepRec_0001_m.exp,I,NC2,30,0.056,71.289,53.677,40.9177
5-24-2018_30C_3rd_MORN_RepRec_0001_m.exp,J,NC2,30,0.0348,58.3627,45.8747,35.6352
5-24-2018_30C_3rd_MORN_RepRec_0001_m.exp,K,NC2,30,0.0385,52.0455,34.8805,24.0426
5-24-2018_30C_3rd_MORN_RepRec_0001_m.exp,L,NC2,30,0.0503,43.7283,32.4385,31.823
5-24-2018_30C_3rd_MORN_RepRec_0001_m.exp,M,NC2,30,0.0373,41.6197,24.7333,25.6322
5-24-2018_30C_3rd_MORN_RepRec_0001_m.exp,N,NC2,30,0.042,48.8485,38.2434,35.8861
5-24-2018_30C_3rd_MORN_RepRec_0001_m.exp,O,NC2,30,0.0476,51.9286,39.3875,37.592
5-25-2018_25C_3rd_MORN_RepRec_0001_m.exp,A,NC1,25,0.0546,29.9903,36.6231,27.0853
5-25-2018_25C_3rd_MORN_RepRec_0001_m.exp,B,NC1,25,0.0355,26.2977,29.1718,21.1817
5-25-2018_25C_3rd_MORN_RepRec_0001_m.exp,C,NC1,25,0.0472,47.3421,46.4492,26.555
5-25-2018_25C_3rd_MORN_RepRec_0001_m.exp,D,NC1,25,0.0781,53.0183,53.7737,48.2339
5-25-2018_25C_3rd_MORN_RepRec_0001_m.exp,E,NC2,25,0.0586,38.2783,38.9053,33.0312
5-25-2018_25C_3rd_MORN_RepRec_0001_m.exp,F,NC2,25,0.0154,13.3595,12.3389,8.9458
5-25-2018_25C_3rd_MORN_RepRec_0001_m.exp,H,NC2,25,0.017,24.3854,17.5609,12.7581
5-25-2018_25C_3rd_MORN_RepRec_0001_m.exp,I,NC2,25,0.0519,55.3558,46.2811,39.951
5-27-2018_15C_3rd_MORN_RepRec_0001_m.exp,A,WV1,15,0.0391,12.463,17.7377,12.4074
5-27-2018_15C_3rd_MORN_RepRec_0001_m.exp,B,WV1,15,0.0809,28.3829,30.3413,23.677
5-27-2018_15C_3rd_MORN_RepRec_0001_m.exp,C,WV1,15,0.0563,28.3166,27.4389,20.1793
5-27-2018_15C_3rd_MORN_RepRec_0001_m.exp,D,WV1,15,0.0484,25.8649,23.1583,14.5887
5-27-2018_15C_3rd_MORN_RepRec_0001_m.exp,F,WV1,15,0.0594,28.2645,20.9249,14.8798
5-27-2018_15C_3rd_MORN_RepRec_0001_m.exp,H,WV1,15,0.0469,24.1904,17.0244,12.0545
5-27-2018_15C_3rd_MORN_RepRec_0001_m.exp,I,WV1,15,0.0504,24.4994,16.831,10.8528
5-27-2018_15C_3rd_MORN_RepRec_0001_m.exp,J,WV1,15,0.0368,23.8633,15.0964,11.5711
5-27-2018_15C_3rd_MORN_RepRec_0001_m.exp,K,WV1,15,0.0529,28.1266,19.2284,14.199
5-27-2018_15C_3rd_MORN_RepRec_0001_m.exp,L,WV1,15,0.0396,23.2523,14.351,10.688
5-28-2018_25C_3rd_MORN_RepRec_0001_m.exp,A,WV1,25,0.0553,46.8764,36.6508,37.6717
5-28-2018_25C_3rd_MORN_RepRec_0001_m.exp,B,WV1,25,0.0445,37.8433,38.5218,37.9443
5-28-2018_25C_3rd_MORN_RepRec_0001_m.exp,C,WV1,25,0.085,70.7989,53.6331,41.6254
5-28-2018_25C_3rd_MORN_RepRec_0001_m.exp,D,WV1,25,0.0415,37.892,31.7505,26.1467
5-28-2018_25C_3rd_MORN_RepRec_0001_m.exp,F,WV1,25,0.0399,40.7529,35.9143,30.1346
5-28-2018_25C_3rd_MORN_RepRec_0001_m.exp,G,WV1,25,0.06,30.777,29.2117,26.004
5-28-2018_25C_3rd_MORN_RepRec_0001_m.exp,H,WV1,25,0.0499,35.4255,50.9618,43.5095
5-28-2018_25C_3rd_MORN_RepRec_0001_m.exp,I,WV1,25,0.0526,42.3555,40.8715,50.6087
5-28-2018_25C_3rd_MORN_RepRec_0001_m.exp,J,WV1,25,0.0345,20.1002,19.3653,18.7293
5-28-2018_25C_3rd_MORN_RepRec_0001_m.exp,K,WV1,25,0.0339,30.6798,26.2264,21.5805
5-29-2018_25C_3rd_MORN_RepRec_0001_m.exp,A,WV1,30,0.0557,78.3247,72.9374,57.8972
5-29-2018_25C_3rd_MORN_RepRec_0001_m.exp,B,WV1,30,0.0688,69.3403,61.1696,62.822
5-29-2018_25C_3rd_MORN_RepRec_0001_m.exp,C,WV1,30,0.0387,51.8461,38.5221,37.4791
5-29-2018_25C_3rd_MORN_RepRec_0001_m.exp,D,WV1,30,0.0732,89.4017,62.7225,59.5176
5-29-2018_25C_3rd_MORN_RepRec_0001_m.exp,F,WV1,30,0.0623,68.0333,61.6023,62.5878
5-29-2018_25C_3rd_MORN_RepRec_0001_m.exp,G,WV1,30,0.0481,24.0518,15.6147,13.2534
5-29-2018_25C_3rd_MORN_RepRec_0001_m.exp,H,WV1,30,0.0598,79.7649,73.2859,55.5141
5-29-2018_25C_3rd_MORN_RepRec_0001_m.exp,I,WV1,30,0.0313,36.0184,30.2782,21.9331
5-29-2018_25C_3rd_MORN_RepRec_0001_m.exp,J,WV1,30,0.0283,47.2972,35.3851,36.1358
5-29-2018_25C_3rd_MORN_RepRec_0001_m.exp,K,WV1,30,0.0277,42.353,27.1612,22.9289
5-29-2018_25C_3rd_MORN_RepRec_0001_m.exp,N,WV1,30,0.0273,36.0181,21.8244,20.2442
5-30-2018_15C_3rd_MORN_RepRec_0001_m.exp,A,BF,15,0.053,35.0132,25.7206,14.874
5-30-2018_15C_3rd_MORN_RepRec_0001_m.exp,B,BF,15,0.0378,33.0075,25.9536,22.604
5-30-2018_15C_3rd_MORN_RepRec_0001_m.exp,C,BF,15,0.0437,36.6896,23.1348,12.9539
5-30-2018_15C_3rd_MORN_RepRec_0001_m.exp,D,BF,15,0.0514,39.8858,24.045,15.3951
5-30-2018_15C_3rd_MORN_RepRec_0001_m.exp,F,BF,15,0.0496,36.2527,22.5761,14.3866
5-30-2018_15C_3rd_MORN_RepRec_0001_m.exp,H,BF,15,0.0365,46.7045,22.0431,10.515
5-30-2018_15C_3rd_MORN_RepRec_0001_m.exp,I,BF,15,0.0477,34.3352,18.3302,10.6768
5-30-2018_15C_3rd_MORN_RepRec_0001_m.exp,J,BF,15,0.0355,31.4565,18.431,10.6236
5-30-2018_15C_3rd_MORN_RepRec_0001_m.exp,K,BF,15,0.0395,30.8076,15.4701,9.6486
5-30-2018_15C_3rd_MORN_RepRec_0001_m.exp,L,BF,15,0.036,23.1289,12.7281,7.331
5-31-2018_25C_3rd_AFTER_RepRec_0001_m.exp,A,BF,30,0.0416,65.899,66.1431,44.6777
5-31-2018_25C_3rd_AFTER_RepRec_0001_m.exp,B,BF,30,0.0721,57.9464,55.8441,80.539
5-31-2018_25C_3rd_AFTER_RepRec_0001_m.exp,C,BF,30,0.0513,73.2088,53.2541,42.8847
5-31-2018_25C_3rd_AFTER_RepRec_0001_m.exp,D,BF,30,0.0497,69.5774,41.5992,32.299
5-31-2018_25C_3rd_AFTER_RepRec_0001_m.exp,E,BF,30,0.0516,85.7523,62.5388,52.1456
5-31-2018_25C_3rd_AFTER_RepRec_0001_m.exp,F,BF,30,0.0482,85.657,65.3496,53.4121
5-31-2018_25C_3rd_AFTER_RepRec_0001_m.exp,G,BF,30,0.0363,73.6483,44.6472,46.0777
5-31-2018_25C_3rd_AFTER_RepRec_0001_m.exp,H,BF,30,0.0374,90.9834,68.6344,64.0159
5-31-2018_25C_3rd_AFTER_RepRec_0001_m.exp,I,SWVA,30,0.0477,64.867,42.9006,38.218
5-31-2018_25C_3rd_AFTER_RepRec_0001_m.exp,J,SWVA,30,0.0371,60.9106,39.5176,
5-31-2018_25C_3rd_AFTER_RepRec_0001_m.exp,K,SWVA,30,0.0495,66.1952,40.0065,31.9227
5-31-2018_25C_3rd_AFTER_RepRec_0001_m.exp,L,SWVA,30,0.0369,52.1016,32.8464,27.1554
5-31-2018_25C_3rd_AFTER_RepRec_0001_m.exp,M,SWVA,30,0.0647,137.6641,49.6641,31.9401
5-31-2018_25C_3rd_AFTER_RepRec_0001_m.exp,N,SWVA,30,0.0371,46.1235,38.548,19.1007
5-31-2018_25C_3rd_AFTER_RepRec_0001_m.exp,O,SWVA,30,0.0443,60.0433,39.6504,33.6574
5-31-2018_25C_3rd_MORN_RepRec_0001_m.exp,A,BF,25,0.0592,84.8175,52.1746,49.0605
5-31-2018_25C_3rd_MORN_RepRec_0001_m.exp,B,BF,25,0.0408,61.1791,35.1037,28.0061
5-31-2018_25C_3rd_MORN_RepRec_0001_m.exp,C,BF,25,0.066,94.2324,62.0978,45.7558
5-31-2018_25C_3rd_MORN_RepRec_0001_m.exp,D,BF,25,0.0513,76.7088,46.9774,37.4361
5-31-2018_25C_3rd_MORN_RepRec_0001_m.exp,E,BF,25,0.0269,45.4869,20.6523,24.5671
5-31-2018_25C_3rd_MORN_RepRec_0001_m.exp,F,BF,25,0.033,58.806,31.8249,24.1383
5-31-2018_25C_3rd_MORN_RepRec_0001_m.exp,G,BF,25,0.035,59.3939,37.6316,28.9148
5-31-2018_25C_3rd_MORN_RepRec_0001_m.exp,H,BF,25,0.0516,87.1807,59.0687,47.0808
5-31-2018_25C_3rd_MORN_RepRec_0001_m.exp,I,SWVA,25,0.0342,56.2231,22.8514,14.8007
5-31-2018_25C_3rd_MORN_RepRec_0001_m.exp,J,SWVA,25,0.041,47.037,29.4548,25.1261
5-31-2018_25C_3rd_MORN_RepRec_0001_m.exp,K,SWVA,25,0.0362,49.2547,28.1605,24.5491
5-31-2018_25C_3rd_MORN_RepRec_0001_m.exp,L,SWVA,25,0.0334,39.9662,25.5794,15.634
5-31-2018_25C_3rd_MORN_RepRec_0001_m.exp,M,SWVA,25,0.0404,77.8603,37.2172,19.0575
5-31-2018_25C_3rd_MORN_RepRec_0001_m.exp,N,SWVA,25,0.0301,42.034,32.1393,20.1963
5-31-2018_25C_3rd_MORN_RepRec_0001_m.exp,O,SWVA,25,0.035,75.5725,32.6607,28.2906
6-1-2018_25C_3rd_AFTER_RepRec_0001_m.exp,A,BF,25,0.0768,65.5545,58.7712,33.3467
6-1-2018_25C_3rd_AFTER_RepRec_0001_m.exp,B,BF,25,0.041,42.488,31.0219,23.1287
6-1-2018_25C_3rd_AFTER_RepRec_0001_m.exp,C,BF,25,0.0603,,112.7634,26.1578
6-1-2018_25C_3rd_AFTER_RepRec_0001_m.exp,D,BF,25,0.0637,75.2687,54.7762,49.6484
6-1-2018_25C_3rd_AFTER_RepRec_0001_m.exp,E,BF,25,0.0721,76.6703,58.0506,32.545
6-1-2018_25C_3rd_AFTER_RepRec_0001_m.exp,H,SWVA,25,0.0374,70.4385,41.1308,23.5291
6-1-2018_25C_3rd_AFTER_RepRec_0001_m.exp,I,SWVA,25,0.0441,63.7016,36.7491,25.7514
6-1-2018_25C_3rd_AFTER_RepRec_0001_m.exp,J,SWVA,25,0.0556,75.5373,42.7829,30.3611
6-1-2018_25C_3rd_AFTER_RepRec_0001_m.exp,K,SWVA,25,0.0334,40.4375,22.5312,20.4207
6-1-2018_25C_3rd_AFTER_RepRec_0001_m.exp,L,SWVA,25,0.0461,53.0584,31.7264,31.8908
6-1-2018_30C_3rd_AFTER_RepRec_0001_m.exp,A,BF,30,0.0398,61.9527,42.7644,36.6938
6-1-2018_30C_3rd_AFTER_RepRec_0001_m.exp,B,BF,30,0.0442,66.1997,52.1795,40.9822
6-1-2018_30C_3rd_AFTER_RepRec_0001_m.exp,C,BF,30,0.0418,66.96,47.573,31.2126
6-1-2018_30C_3rd_AFTER_RepRec_0001_m.exp,D,BF,30,0.0568,71.778,57.9859,42.1366
6-1-2018_30C_3rd_AFTER_RepRec_0001_m.exp,E,BF,30,0.0518,69.7644,47.2835,30.9697
6-1-2018_30C_3rd_AFTER_RepRec_0001_m.exp,H,SWVA,30,0.0502,88.5003,64.504,51.8319
6-1-2018_30C_3rd_AFTER_RepRec_0001_m.exp,I,SWVA,30,0.059,71.8084,53.063,40.7743
6-1-2018_30C_3rd_AFTER_RepRec_0001_m.exp,J,SWVA,30,0.0529,50.9747,35.1508,30.5134
6-1-2018_30C_3rd_AFTER_RepRec_0001_m.exp,K,SWVA,30,0.0418,46.053,31.1763,31.4341
6-1-2018_30C_3rd_AFTER_RepRec_0001_m.exp,L,SWVA,30,0.0473,48.1097,35.9477,27.9377
6-13-2018_15C_3rd_MORN_RepRec_0001_m.exp,A,IR,15,0.0342,22.693,21.7547,12.9163
6-13-2018_15C_3rd_MORN_RepRec_0001_m.exp,B,IR,15,0.0684,39.0941,39.2611,31.7259
6-13-2018_15C_3rd_MORN_RepRec_0001_m.exp,C,IR,15,0.0455,29.089,27.1821,17.6117
6-13-2018_15C_3rd_MORN_RepRec_0001_m.exp,D,IR,15,0.0667,45.9775,36.0877,26.1892
6-13-2018_15C_3rd_MORN_RepRec_0001_m.exp,E,IR,15,0.0451,28.6814,23.588,14.7895
6-13-2018_15C_3rd_MORN_RepRec_0001_m.exp,F,IR,15,0.0453,30.2916,24.7351,16.5396
6-13-2018_15C_3rd_MORN_RepRec_0001_m.exp,G,IR,15,0.0565,31.9625,26.2638,17.5964
6-13-2018_15C_3rd_MORN_RepRec_0001_m.exp,H,MN,15,0.049,44.0019,33.5572,21.7955
6-13-2018_15C_3rd_MORN_RepRec_0001_m.exp,I,MN,15,0.0341,23.3453,16.0847,11.4202
6-13-2018_15C_3rd_MORN_RepRec_0001_m.exp,J,MN,15,0.0411,30.3043,21.6147,15.2572
6-13-2018_15C_3rd_MORN_RepRec_0001_m.exp,K,MN,15,0.0327,25.049,14.0404,9.4418
6-13-2018_15C_3rd_MORN_RepRec_0001_m.exp,L,MN,15,0.0532,34.0463,22.2257,17.6929
6-13-2018_15C_3rd_MORN_RepRec_0001_m.exp,M,MN,15,0.0478,33.0307,22.6358,15.318
6-13-2018_15C_3rd_MORN_RepRec_0001_m.exp,N,MN,15,0.0414,30.4058,22.1075,13.5747
6-14-2018_25C_3rd_MORN_RepRec_0001_m.exp,A,MN,25,0.0568,62.9111,69.0756,64.8175
6-14-2018_25C_3rd_MORN_RepRec_0001_m.exp,B,MN,25,0.0348,24.9914,15.3284,16.2941
6-14-2018_25C_3rd_MORN_RepRec_0001_m.exp,C,MN,25,0.036,33.3606,31.5193,26.5147
6-14-2018_25C_3rd_MORN_RepRec_0001_m.exp,D,MN,25,0.0629,52.2733,45.345,40.8622
6-14-2018_25C_3rd_MORN_RepRec_0001_m.exp,E,MN,25,0.0523,48.5563,43.9979,42.9897
6-14-2018_25C_3rd_MORN_RepRec_0001_m.exp,F,MN,25,0.0401,39.651,36.0559,29.186
6-14-2018_25C_3rd_MORN_RepRec_0001_m.exp,G,MN,25,0.0398,24.4813,19.4571,21.0572
6-14-2018_25C_3rd_MORN_RepRec_0001_m.exp,H,IR,25,0.0699,69.5112,62.6626,68.9085
6-14-2018_25C_3rd_MORN_RepRec_0001_m.exp,I,IR,25,0.0632,76.6302,67.0866,59.3957
6-14-2018_25C_3rd_MORN_RepRec_0001_m.exp,J,IR,25,0.0537,42.2723,40.837,45.6169
6-14-2018_25C_3rd_MORN_RepRec_0001_m.exp,K,IR,25,0.0574,36.7807,32.8312,33.8416
6-14-2018_25C_3rd_MORN_RepRec_0001_m.exp,L,IR,25,0.0631,45.2285,38.5173,37.9484
6-14-2018_25C_3rd_MORN_RepRec_0001_m.exp,M,IR,25,0.0689,79.23,64.1214,54.121
6-14-2018_25C_3rd_MORN_RepRec_0001_m.exp,N,IR,25,0.049,42.9328,45.5143,43.8991
6-14-2018_30C_3rd_AFTER_RepRec_0001_m.exp,A,IR,30,0.0541,85.172,85.6826,61.1282
6-14-2018_30C_3rd_AFTER_RepRec_0001_m.exp,B,IR,30,0.056,73.5282,67.3852,49.4933
6-14-2018_30C_3rd_AFTER_RepRec_0001_m.exp,C,IR,30,0.0551,84.637,77.6152,58.3539
6-14-2018_30C_3rd_AFTER_RepRec_0001_m.exp,D,IR,30,0.048,79.0848,62.3426,44.081
6-14-2018_30C_3rd_AFTER_RepRec_0001_m.exp,E,IR,30,0.036,69.8592,52.5141,26.4634
6-14-2018_30C_3rd_AFTER_RepRec_0001_m.exp,F,IR,30,0.0503,79.2202,77.605,43.9735
6-14-2018_30C_3rd_AFTER_RepRec_0001_m.exp,G,IR,30,0.0487,85.0645,48.9944,40.8579
6-14-2018_30C_3rd_AFTER_RepRec_0001_m.exp,H,MN,30,0.0393,101.3767,55.4733,42.7733
6-14-2018_30C_3rd_AFTER_RepRec_0001_m.exp,I,MN,30,0.0347,84.9367,49.6952,41.6487
6-14-2018_30C_3rd_AFTER_RepRec_0001_m.exp,J,MN,30,0.044,76.3642,54.0359,53.186
6-14-2018_30C_3rd_AFTER_RepRec_0001_m.exp,K,MN,30,0.0346,71.7359,38.283,37.8308
6-14-2018_30C_3rd_AFTER_RepRec_0001_m.exp,L,MN,30,0.0318,63.3625,38.1682,27.1594
6-14-2018_30C_3rd_AFTER_RepRec_0001_m.exp,M,MN,30,0.0425,73.1916,32.5851,39.9282
6-14-2018_30C_3rd_AFTER_RepRec_0001_m.exp,N,MN,30,0.019,51.6698,24.3628,23.437
6-15-2018_25C_3rd_AFTER_RepRec_0001_m.exp,A,AL,25,0.0553,41.0573,49.022,46.0415
6-15-2018_25C_3rd_AFTER_RepRec_0001_m.exp,B,AL,25,0.0828,57.501,72.1639,70.4378
6-15-2018_25C_3rd_AFTER_RepRec_0001_m.exp,C,AL,25,0.0462,45.4491,44.5569,42.1918
6-15-2018_25C_3rd_AFTER_RepRec_0001_m.exp,D,AL,25,0.0451,78.8644,51.7426,42.8254
6-15-2018_25C_3rd_AFTER_RepRec_0001_m.exp,E,AL,25,0.0512,88.6371,,73.9654
6-15-2018_25C_3rd_AFTER_RepRec_0001_m.exp,F,AL,25,0.0672,59.302,43.3151,43.9872
6-15-2018_25C_3rd_AFTER_RepRec_0001_m.exp,G,AL,25,0.0735,66.2696,52.1243,58.4546
6-15-2018_25C_3rd_AFTER_RepRec_0001_m.exp,H,AL,25,0.0481,43.2232,38.8568,33.2952
6-15-2018_25C_3rd_AFTER_RepRec_0001_m.exp,I,WI2,25,0.0262,29.6261,,40.3702
6-15-2018_25C_3rd_AFTER_RepRec_0001_m.exp,J,WI2,25,0.028,29.3908,22.8925,24.8071
6-15-2018_25C_3rd_AFTER_RepRec_0001_m.exp,K,WI2,25,0.0388,40.9801,37.085,28.8288
6-15-2018_25C_3rd_AFTER_RepRec_0001_m.exp,L,WI2,25,0.0411,36.089,27.5389,23.4315
6-15-2018_25C_3rd_AFTER_RepRec_0001_m.exp,M,WI2,25,0.0473,52.5886,46.0546,39.0256
6-15-2018_25C_3rd_AFTER_RepRec_0001_m.exp,N,WI2,25,0.0465,43.0631,39.7269,38.1159
6-15-2018_25C_3rd_AFTER_RepRec_0001_m.exp,O,WI2,25,0.0277,26.6777,27.037,17.8906
6-15-2018_30C_3rd_MORN_RepRec_0001_m.exp,A,WI2,30,0.0309,36.8428,33.7221,25.068
6-15-2018_30C_3rd_MORN_RepRec_0001_m.exp,B,WI2,30,0.0392,54.0342,32.9957,30.8993
6-15-2018_30C_3rd_MORN_RepRec_0001_m.exp,C,WI2,30,0.031,32.8151,29.3355,20.7474
6-15-2018_30C_3rd_MORN_RepRec_0001_m.exp,D,WI2,30,0.0311,43.7174,26.8871,26.4449
6-15-2018_30C_3rd_MORN_RepRec_0001_m.exp,E,WI2,30,0.0342,54.3851,37.0085,42.673
6-15-2018_30C_3rd_MORN_RepRec_0001_m.exp,G,WI2,30,0.037,62.5562,44.846,38.9996
6-15-2018_30C_3rd_MORN_RepRec_0001_m.exp,H,AL,30,0.0325,45.1863,29.0755,29.4509
6-15-2018_30C_3rd_MORN_RepRec_0001_m.exp,I,AL,30,0.0886,98.9582,86.4526,74.3142
6-15-2018_30C_3rd_MORN_RepRec_0001_m.exp,J,AL,30,0.0625,96.5291,78.8656,78.2267
6-15-2018_30C_3rd_MORN_RepRec_0001_m.exp,K,AL,30,0.0609,90.36,76.5364,71.9313
6-15-2018_30C_3rd_MORN_RepRec_0001_m.exp,L,AL,30,0.0499,67.2338,46.3854,40.499
6-15-2018_30C_3rd_MORN_RepRec_0001_m.exp,M,AL,30,0.0538,75.3976,58.4225,65.36
6-15-2018_30C_3rd_MORN_RepRec_0001_m.exp,N,AL,30,0.0471,59.6692,37.9696,36.9551
6-15-2018_30C_3rd_MORN_RepRec_0001_m.exp,O,AL,30,0.0434,55.5888,44.5585,33.555
6-16-2018_15C_3rd_MORN_RepRec_0001_m.exp,A,WI2,15,0.046,17.4256,46.5162,26.7994
6-16-2018_15C_3rd_MORN_RepRec_0001_m.exp,B,WI2,15,0.0515,20.7349,,64.1296
6-16-2018_15C_3rd_MORN_RepRec_0001_m.exp,C,WI2,15,0.038,26.6667,36.7999,18.441
6-16-2018_15C_3rd_MORN_RepRec_0001_m.exp,D,WI2,15,0.0393,34.9051,34.0588,16.6563
6-16-2018_15C_3rd_MORN_RepRec_0001_m.exp,E,WI2,15,0.036,38.1867,34.6311,
6-16-2018_15C_3rd_MORN_RepRec_0001_m.exp,F,WI2,15,0.0529,53.5236,44.4913,31.4068
6-16-2018_15C_3rd_MORN_RepRec_0001_m.exp,G,WI2,15,0.0343,42.4979,29.7908,14.8605
6-16-2018_15C_3rd_MORN_RepRec_0001_m.exp,H,AL,15,0.0519,73.2722,43.3432,25.9154
6-16-2018_15C_3rd_MORN_RepRec_0001_m.exp,I,AL,15,0.0648,,98.8835,27.7987
6-16-2018_15C_3rd_MORN_RepRec_0001_m.exp,J,AL,15,0.0549,46.5106,30.7564,23.4491
6-16-2018_15C_3rd_MORN_RepRec_0001_m.exp,K,AL,15,0.0803,58.0378,32.4644,22.7113
6-16-2018_15C_3rd_MORN_RepRec_0001_m.exp,L,AL,15,0.0767,61.3468,35.8547,28.3305
6-16-2018_15C_3rd_MORN_RepRec_0001_m.exp,M,AL,15,0.046,47.946,29.3544,18.1524
6-16-2018_15C_3rd_MORN_RepRec_0001_m.exp,N,AL,15,0.0459,47.7353,30.1392,18.2025
6-16-2018_15C_3rd_MORN_RepRec_0001_m.exp,O,AL,15,0.0791,54.3484,34.0219,27.3632
6-16-2018_15C_AFTER_RepRec_0001_m.exp,A,MN,15,0.0572,4.8811,33.7095,15.3111
6-16-2018_15C_AFTER_RepRec_0001_m.exp,B,MN,15,0.0352,13.5775,28.4602,13.2227
6-16-2018_15C_AFTER_RepRec_0001_m.exp,C,MN,15,0.0695,,77.9602,20.4139
6-16-2018_15C_AFTER_RepRec_0001_m.exp,D,IR,15,0.0363,31.298,27.0857,12.3269
6-16-2018_15C_AFTER_RepRec_0001_m.exp,E,IR,15,0.0549,40.6145,29.282,14.6126
6-16-2018_15C_AFTER_RepRec_0001_m.exp,F,IR,15,0.0662,46.6063,30.7444,16.3233
6-16-2018_15C_AFTER_RepRec_0001_m.exp,G,IR,15,0.0581,48.8496,29.0289,13.5483
6-16-2018_15C_AFTER_RepRec_0001_m.exp,H,AL,15,0.0479,67.1326,34.8143,19.3679
6-16-2018_15C_AFTER_RepRec_0001_m.exp,I,AL,15,0.0438,48.5373,25.7516,15.01
6-16-2018_15C_AFTER_RepRec_0001_m.exp,J,AL,15,0.04,52.9723,31.0951,16.4191
6-16-2018_15C_AFTER_RepRec_0001_m.exp,K,WI2,15,0.0586,56.7362,30.0346,19.1639
6-16-2018_15C_AFTER_RepRec_0001_m.exp,L,WI2,15,0.0398,48.953,22.3169,14.1318
6-16-2018_15C_AFTER_RepRec_0001_m.exp,M,WI2,15,0.0545,57.6474,31.0274,22.7023
6-16-2018_15C_AFTER_RepRec_0001_m.exp,N,WI2,15,0.0441,47.7914,25.4344,21.7957
6-17-2018_25C_3rd_MORN_RepRec_0001_m.exp,A,MN,25,0.0794,67.1689,68.482,51.9903
6-17-2018_25C_3rd_MORN_RepRec_0001_m.exp,B,MN,25,0.0344,30.6961,34.626,25.8555
6-17-2018_25C_3rd_MORN_RepRec_0001_m.exp,C,MN,25,0.037,50.5989,42.8159,30.5915
6-17-2018_25C_3rd_MORN_RepRec_0001_m.exp,D,IR,25,0.0788,77.9431,59.2954,47.4236
6-17-2018_25C_3rd_MORN_RepRec_0001_m.exp,E,IR,25,0.0692,68.7378,59.2987,52.4353
6-17-2018_25C_3rd_MORN_RepRec_0001_m.exp,F,IR,25,0.0442,54.0986,43.0852,38.4413
6-17-2018_25C_3rd_MORN_RepRec_0001_m.exp,G,IR,25,0.0396,47.3481,30.0497,24.6548
6-17-2018_25C_3rd_MORN_RepRec_0001_m.exp,H,AL,25,0.065,76.8113,56.4252,41.3328
6-17-2018_25C_3rd_MORN_RepRec_0001_m.exp,I,AL,25,0.0656,71.0865,50.3622,45.5546
6-17-2018_25C_3rd_MORN_RepRec_0001_m.exp,J,AL,25,0.0728,57.8014,47.0654,41.4477
6-17-2018_25C_3rd_MORN_RepRec_0001_m.exp,K,WI2,25,0.0627,81.72,60.6427,57.9974
6-17-2018_25C_3rd_MORN_RepRec_0001_m.exp,L,WI2,25,0.0505,63.9517,33.4238,36.7331
6-17-2018_25C_3rd_MORN_RepRec_0001_m.exp,M,WI2,25,0.0444,58.4782,34.8713,33.7953
6-17-2018_25C_3rd_MORN_RepRec_0001_m.exp,N,WI2,25,0.041,51.5901,33.0133,26.2723
6-18-2018_30C_3rd_MORN_RepRec_0001_m.exp,A,MN,30,0.0415,51.0953,55.8874,47.6402
6-18-2018_30C_3rd_MORN_RepRec_0001_m.exp,B,MN,30,0.0708,78.9593,76.0044,50.9943
6-18-2018_30C_3rd_MORN_RepRec_0001_m.exp,G,IR,30,0.0405,82.649,64.7322,49.1796
6-18-2018_30C_3rd_MORN_RepRec_0001_m.exp,H,AL,30,0.0254,78.0409,55.7001,41.3102
6-18-2018_30C_3rd_MORN_RepRec_0001_m.exp,I,AL,30,0.0412,71.6886,58.4644,32.3408
6-18-2018_30C_3rd_MORN_RepRec_0001_m.exp,J,AL,30,0.0472,86.3225,59.3672,52.5676
6-18-2018_30C_3rd_MORN_RepRec_0001_m.exp,K,WI2,30,0.0423,83.5139,51.4055,43.9019
6-18-2018_30C_3rd_MORN_RepRec_0001_m.exp,L,WI2,30,0.0381,88.2828,42.4209,31.5375
6-18-2018_30C_3rd_MORN_RepRec_0001_m.exp,M,WI2,30,0.0364,76.3021,47.7969,37.8625
6-18-2018_30C_3rd_MORN_RepRec_0001_m.exp,N,WI2,30,0.0345,78.984,46.3008,43.8253
6-22-2018_25C_3rd_MORN_RepRec_0001_m.exp,A,WI1,25,0.0932,94.9464,92.9412,73.7861
6-22-2018_25C_3rd_MORN_RepRec_0001_m.exp,B,WI1,25,0.0685,60.008,59.1845,48.941
6-22-2018_25C_3rd_MORN_RepRec_0001_m.exp,C,WI1,25,0.032,35.9723,32.1513,29.838
6-22-2018_25C_3rd_MORN_RepRec_0001_m.exp,D,WI1,25,0.0535,44.198,42.2853,38.4692
6-22-2018_25C_3rd_MORN_RepRec_0001_m.exp,E,WI1,25,0.032,32.5898,29.7014,29.7954
6-23-2018_30C_3rd_MORN_RepRec_0001_m.exp,A,WI1,30,0.0319,35.7084,40.4174,41.6114
6-23-2018_30C_3rd_MORN_RepRec_0001_m.exp,B,WI1,30,0.0362,48.8844,52.1829,65.7437
6-23-2018_30C_3rd_MORN_RepRec_0001_m.exp,C,WI1,30,0.0354,63.1249,51.1542,47.6674
6-23-2018_30C_3rd_MORN_RepRec_0001_m.exp,D,WI1,30,0.0337,50.3796,39.6325,35.8254
6-23-2018_30C_3rd_MORN_RepRec_0001_m.exp,E,WI1,30,0.0867,114.1647,102.3515,102.4992
6-28-2018_25C_3rd_MORN_RepRec_0001_m.exp,A,WV2,25,0.057,36.1381,22.6864,32.4546
6-28-2018_25C_3rd_MORN_RepRec_0001_m.exp,B,WV2,25,0.0476,42.4395,22.3949,38.2587
6-28-2018_25C_3rd_MORN_RepRec_0001_m.exp,C,WV2,25,0.0678,,74.4611,44.5304
6-28-2018_25C_3rd_MORN_RepRec_0001_m.exp,D,WV2,25,0.0512,,41.2536,22.3312
6-28-2018_25C_3rd_MORN_RepRec_0001_m.exp,E,WV2,25,0.032,36.6377,17.7432,19.385
6-3-2018_15C_3rd_MORN_RepRec_0001_m.exp,A,SWVA,15,0.0351,,18.6008,6.5577
6-3-2018_15C_3rd_MORN_RepRec_0001_m.exp,B,SWVA,15,0.0167,11.8198,23.29,7.5076
6-3-2018_15C_3rd_MORN_RepRec_0001_m.exp,C,SWVA,15,0.0498,14.8494,21.8936,9.2785
6-3-2018_15C_3rd_MORN_RepRec_0001_m.exp,D,SWVA,15,0.029,13.4864,16.4204,5.0147
6-3-2018_15C_3rd_MORN_RepRec_0001_m.exp,F,SWVA,15,0.0457,53.9615,21.5035,11.9054
6-3-2018_15C_3rd_MORN_RepRec_0001_m.exp,G,SWVA,15,0.0357,38.8817,13.723,6.3022
6-3-2018_15C_3rd_MORN_RepRec_0001_m.exp,H,SWVA,15,0.0553,36.5633,24.5525,15.3838
6-3-2018_15C_3rd_MORN_RepRec_0001_m.exp,I,SWVA,15,0.0288,23.141,11.424,7.2712
6-3-2018_15C_3rd_MORN_RepRec_0001_m.exp,J,SWVA,15,0.0429,23.9795,13.9724,9.465
6-3-2018_15C_3rd_MORN_RepRec_0001_m.exp,K,SWVA,15,0.0398,22.9138,13.466,10.969
6-3-2018_15C_3rd_MORN_RepRec_0001_m.exp,L,SWVA,15,0.0315,17.1506,11.6949,8.5274
6-5-2018_15C_3rd_AFTER_RepRec_0001_m.exp,A,WI1,15,0.0587,15.5361,51.8582,30.2453
6-5-2018_15C_3rd_AFTER_RepRec_0001_m.exp,B,WI1,15,0.0438,22.0027,40.3481,20.3496
6-5-2018_15C_3rd_AFTER_RepRec_0001_m.exp,C,WI1,15,0.0527,36.5066,41.7838,22.1582
6-5-2018_15C_3rd_AFTER_RepRec_0001_m.exp,D,WI1,15,0.0491,38.2464,39.366,19.8738
6-5-2018_15C_3rd_AFTER_RepRec_0001_m.exp,E,WI1,15,0.0791,53.035,47.8698,29.6547
6-5-2018_15C_3rd_AFTER_RepRec_0001_m.exp,F,WI1,15,0.0603,45.7901,37.1321,20.5766
6-5-2018_15C_3rd_AFTER_RepRec_0001_m.exp,G,WI1,15,0.046,45.7178,33.7612,19.4802
6-5-2018_15C_3rd_AFTER_RepRec_0001_m.exp,H,WI1,15,0.053,68.4856,44.9623,24.1546
6-5-2018_15C_3rd_AFTER_RepRec_0001_m.exp,I,WI1,15,0.0522,50.8103,33.1338,19.1756
6-5-2018_15C_3rd_AFTER_RepRec_0001_m.exp,J,WI1,15,0.042,50.0342,31.0931,17.7003
6-5-2018_15C_3rd_AFTER_RepRec_0001_m.exp,K,WI1,15,0.0561,51.9817,29.4831,16.5931
6-5-2018_15C_3rd_AFTER_RepRec_0001_m.exp,L,WI1,15,0.0446,53.8626,31.396,19.6887
6-6-2018_15C_3rd_AFTER_RepRec_0001_m.exp,A,WV2,15,0.0586,19.3051,36.6668,24.3834
6-6-2018_15C_3rd_AFTER_RepRec_0001_m.exp,B,WV2,15,0.0375,14.3734,29.7344,14.7484
6-6-2018_15C_3rd_AFTER_RepRec_0001_m.exp,C,WV2,15,0.0742,35.7869,,68.8832
6-6-2018_15C_3rd_AFTER_RepRec_0001_m.exp,D,WV2,15,0.0574,34.598,,59.285
6-6-2018_15C_3rd_AFTER_RepRec_0001_m.exp,E,WV2,15,0.0654,44.0231,42.3316,28.0069
6-6-2018_15C_3rd_AFTER_RepRec_0001_m.exp,F,WV2,15,0.0744,83.6864,28.1498,16.8111
6-6-2018_15C_3rd_AFTER_RepRec_0001_m.exp,G,WV2,15,0.0237,31.2267,17.5116,8.0029
6-6-2018_15C_3rd_AFTER_RepRec_0001_m.exp,H,WV2,15,0.0474,54.2862,33.3976,19.9534
6-6-2018_15C_3rd_AFTER_RepRec_0001_m.exp,I,WV2,15,0.0561,42.8536,26.1796,17.0805
6-6-2018_15C_3rd_AFTER_RepRec_0001_m.exp,J,WV2,15,0.0555,43.6021,31.1952,20.0992
6-6-2018_15C_3rd_AFTER_RepRec_0001_m.exp,K,WV2,15,0.0486,41.6937,22.612,15.916
6-6-2018_15C_3rd_AFTER_RepRec_0001_m.exp,L,WV2,15,0.0752,55.9098,31.4229,22.973
6-7-2018_25C_3rd_AFTER_RepRec_0001_m.exp,A,WV2,25,0.0852,93.5594,81.8445,64.4761
6-7-2018_25C_3rd_AFTER_RepRec_0001_m.exp,B,WV2,25,0.0796,63.8271,64.3835,60.1941
6-7-2018_25C_3rd_AFTER_RepRec_0001_m.exp,C,WV2,25,0.0329,32.8,35.3948,26.9457
6-7-2018_25C_3rd_AFTER_RepRec_0001_m.exp,D,WV2,25,0.0591,61.564,53.3263,49.9565
6-7-2018_25C_3rd_AFTER_RepRec_0001_m.exp,E,WV2,25,0.0481,46.0561,44.2272,32.6305
6-7-2018_25C_3rd_AFTER_RepRec_0001_m.exp,F,WV2,25,0.0527,49.324,41.8063,24.4946
6-7-2018_25C_3rd_AFTER_RepRec_0001_m.exp,G,WV2,25,0.0688,60.9714,52.1399,40.6279
6-7-2018_25C_3rd_AFTER_RepRec_0001_m.exp,H,WI1,25,0.0834,73.9492,69.6638,54.8953
6-7-2018_25C_3rd_AFTER_RepRec_0001_m.exp,I,WI1,25,0.073,49.454,44.7409,39.3257
6-7-2018_25C_3rd_AFTER_RepRec_0001_m.exp,J,WI1,25,0.0878,72.4338,65.5446,57.934
6-7-2018_25C_3rd_AFTER_RepRec_0001_m.exp,K,WI1,25,0.0987,76.7673,69.6468,56.1107
6-7-2018_25C_3rd_AFTER_RepRec_0001_m.exp,L,WI1,25,0.0684,71.8205,67.1007,46.558
6-7-2018_25C_3rd_AFTER_RepRec_0001_m.exp,M,WI1,25,0.1016,78.4793,67.5919,65.6519
6-7-2018_25C_3rd_AFTER_RepRec_0001_m.exp,N,WI1,25,0.0492,56.0515,49.6601,44.0524
6-7-2018_25C_3rd_AFTER_RepRec_0001_m.exp,O,WI1,25,0.0515,42.3586,38.5296,34.1626
6-8-2018_30C_3rd_MORN_RepRec_0001_m.exp,A,WV2,30,0.0293,30.8582,39.6614,24.7321
6-8-2018_30C_3rd_MORN_RepRec_0001_m.exp,B,WV2,30,0.0599,71.9074,42.4532,56.0081
6-8-2018_30C_3rd_MORN_RepRec_0001_m.exp,C,WV2,30,0.0678,78.2024,44.2659,70.3798
6-8-2018_30C_3rd_MORN_RepRec_0001_m.exp,D,WV2,30,0.052,56.7412,35.1449,40.0089
6-8-2018_30C_3rd_MORN_RepRec_0001_m.exp,E,WV2,30,0.0687,85.1842,51.096,53.7628
6-8-2018_30C_3rd_MORN_RepRec_0001_m.exp,F,WV2,30,0.0535,74.2739,53.2421,67.1168
6-8-2018_30C_3rd_MORN_RepRec_0001_m.exp,G,WV2,30,0.0318,62.3963,39.6253,44.7263
6-8-2018_30C_3rd_MORN_RepRec_0001_m.exp,H,WV2,30,0.0353,51.8243,32.9013,41.9257
6-8-2018_30C_3rd_MORN_RepRec_0001_m.exp,I,WI1,30,0.0467,74.2346,54.7394,66.1658
6-8-2018_30C_3rd_MORN_RepRec_0001_m.exp,J,WI1,30,0.0432,64.0647,48.0939,48.2997
6-8-2018_30C_3rd_MORN_RepRec_0001_m.exp,K,WI1,30,0.032,40.2238,35.5429,29.9125
6-8-2018_30C_3rd_MORN_RepRec_0001_m.exp,L,WI1,30,0.0388,60.41,24.8193,30.5557
6-8-2018_30C_3rd_MORN_RepRec_0001_m.exp,M,WI1,30,0.0287,52.9338,53.1227,49.2704
6-8-2018_30C_3rd_MORN_RepRec_0001_m.exp,N,WI1,30,0.0653,67.2491,58.5053,73.1674
6-8-2018_30C_3rd_MORN_RepRec_0001_m.exp,O,WI1,30,0.0487,57.7743,36.8061,39.2017